City_ID,City,Country,Lat,Lng,Max Temp,Humidity,Cloudiness,Wind Speed,Current Description
0,Busselton,AU,-33.65,115.3333,52.07,85,71,12.71,broken clouds
1,Port Elizabeth,ZA,-33.918,25.5701,66.31,81,100,1.99,overcast clouds
2,Saint George,US,37.1041,-113.5841,42.8,45,0,0.0,clear sky
3,Okha,RU,53.5739,142.9478,11.98,92,66,5.37,broken clouds
4,Amahai,ID,-3.3333,128.9167,79.16,84,100,2.28,overcast clouds
5,Saldanha,ZA,-33.0117,17.9442,62.65,72,100,21.85,overcast clouds
6,Puerto Ayora,EC,-0.7393,-90.3518,78.76,83,74,4.0,broken clouds
7,Port Hedland,AU,-20.3167,118.5667,73.45,78,0,16.11,clear sky
8,Ancud,CL,-41.8697,-73.8203,56.89,92,100,7.61,overcast clouds
9,Longyearbyen,SJ,78.2186,15.6401,21.04,73,40,6.91,scattered clouds
10,Pitimbu,BR,-7.4706,-34.8086,84.79,65,14,11.36,few clouds
11,Upernavik,GL,72.7868,-56.1549,10.24,78,100,7.49,overcast clouds
12,Nikolskoye,RU,59.7035,30.7861,31.91,78,85,7.34,overcast clouds
13,Riyadh,SA,24.6877,46.7219,77.14,20,100,9.42,overcast clouds
14,Cape Town,ZA,-33.9258,18.4232,64.27,66,40,20.71,scattered clouds
15,Constitucion,CL,-35.3333,-72.4167,67.33,65,23,16.06,few clouds
16,Comodoro Rivadavia,AR,-45.8667,-67.5,78.66,27,75,19.57,broken clouds
17,Houston,US,29.7633,-95.3633,58.33,56,100,8.05,overcast clouds
18,Yellowknife,CA,62.456,-114.3525,14.56,85,75,8.05,broken clouds
19,Gizo,SB,-8.103,156.8419,81.18,76,81,2.44,light rain
20,Hermanus,ZA,-34.4187,19.2345,62.8,65,97,7.61,overcast clouds
21,Liuhe,CN,42.2401,125.7172,34.61,96,58,5.73,broken clouds
22,Albany,US,42.6001,-73.9662,41.65,68,84,5.99,broken clouds
23,Umm Lajj,SA,25.0213,37.2685,75.72,58,100,8.12,overcast clouds
24,Kavaratti,IN,10.5669,72.642,82.44,70,22,2.98,few clouds
25,Meadow Lake,US,34.8014,-106.5436,44.13,45,0,5.37,clear sky
26,Ushuaia,AR,-54.8,-68.3,60.42,33,40,8.05,scattered clouds
27,Rikitea,PF,-23.1203,-134.9692,72.48,88,100,5.59,moderate rain
28,Avarua,CK,-21.2078,-159.775,75.25,83,75,10.36,broken clouds
29,Jamestown,US,42.097,-79.2353,33.39,76,100,13.8,light snow
30,Punta Arenas,CL,-53.15,-70.9167,57.31,47,75,33.38,broken clouds
31,Mogadishu,SO,2.0371,45.3438,79.97,81,1,14.94,clear sky
32,Castro,BR,-24.7911,-50.0119,76.55,32,2,4.81,clear sky
33,Bluff,NZ,-46.6,168.3333,51.91,91,100,11.61,overcast clouds
34,Mandurah,AU,-32.55,115.7,57.45,75,51,20.15,light rain
35,Black River,JM,18.0264,-77.8487,84.43,68,44,4.65,scattered clouds
36,Barrow,US,71.2906,-156.7887,33.82,80,100,12.66,overcast clouds
37,Vaini,TO,-21.2,-175.2,69.96,100,20,3.44,few clouds
38,Polunochnoye,RU,60.8697,60.4153,-9.98,94,9,3.6,clear sky
39,Mar Del Plata,AR,-38.0023,-57.5575,66.22,74,0,10.36,clear sky
40,Puerto Carreno,CO,6.189,-67.4859,85.98,70,40,2.3,scattered clouds
41,Wanlaweyn,SO,2.6185,44.8938,79.34,74,13,13.4,few clouds
42,Mana,GF,5.6592,-53.7767,81.84,73,64,8.99,broken clouds
43,Kroya,ID,-7.6331,109.2461,76.42,91,100,2.21,light rain
44,Gazojak,TM,41.1875,61.4036,46.69,52,96,13.62,overcast clouds
45,Caravelas,BR,-17.7125,-39.2481,73.08,93,100,7.11,overcast clouds
46,Tuatapere,NZ,-46.1333,167.6833,53.06,98,100,3.27,light rain
47,Chupa,RU,66.27,33.0549,25.02,95,68,3.24,broken clouds
48,New Norfolk,AU,-42.7826,147.0587,44.71,73,8,2.37,clear sky
49,Bathsheba,BB,13.2167,-59.5167,86.61,70,75,19.57,broken clouds
50,Yar-Sale,RU,66.8333,70.8333,14.04,85,100,32.23,overcast clouds
51,Atuona,PF,-9.8,-139.0333,78.17,76,75,12.88,broken clouds
52,Deputatskiy,RU,69.3,139.9,-29.45,100,31,2.01,scattered clouds
53,Nuuk,GL,64.1835,-51.7216,23.61,74,75,15.01,broken clouds
54,Ribeira Grande,PT,38.5167,-28.7,64.8,55,20,8.05,few clouds
55,Comacchio,IT,44.6975,12.1858,55.4,88,99,5.3,overcast clouds
56,Kapaa,US,22.0752,-159.319,75.52,85,20,8.05,few clouds
57,Kruisfontein,ZA,-34.0033,24.7314,63.88,72,100,5.7,overcast clouds
58,Prince Rupert,CA,54.3161,-130.3201,46.09,51,0,17.27,clear sky
59,Mataura,NZ,-46.1927,168.8643,52.39,97,100,1.36,overcast clouds
60,Kawalu,ID,-7.3817,108.2082,73.09,97,100,1.77,overcast clouds
61,Bambous Virieux,MU,-20.3428,57.7575,69.22,58,68,6.64,broken clouds
62,Qaanaaq,GL,77.484,-69.3632,-17.3,77,10,8.16,clear sky
63,Mazatlan,MX,23.2167,-106.4167,79.92,72,0,3.0,clear sky
64,Luderitz,NA,-26.6481,15.1594,62.58,68,2,18.05,clear sky
65,Tuktoyaktuk,CA,69.4541,-133.0374,21.2,79,40,14.97,scattered clouds
66,Khatanga,RU,71.9667,102.5,-25.06,96,100,4.21,overcast clouds
67,Robertsport,LR,6.7533,-11.3686,80.92,76,55,9.57,broken clouds
68,Yelovo,RU,57.0538,54.9207,13.98,90,19,7.02,few clouds
69,Severo-Kurilsk,RU,50.6789,156.125,33.1,67,100,11.23,overcast clouds
70,Geraldton,AU,-28.7667,114.6,63.01,59,100,16.11,overcast clouds
71,Bredasdorp,ZA,-34.5322,20.0403,60.98,63,100,6.42,overcast clouds
72,Port Lincoln,AU,-34.7333,135.8667,64.26,63,99,18.5,overcast clouds
73,Nanortalik,GL,60.1432,-45.2371,20.35,78,56,6.78,broken clouds
74,Ponta Do Sol,PT,32.6667,-17.1,73.13,58,75,6.87,broken clouds
75,Vardo,NO,70.3705,31.1107,42.78,93,75,17.27,broken clouds
76,Williamsport,US,41.2412,-77.0011,39.74,63,100,14.97,overcast clouds
77,Saskylakh,RU,71.9167,114.0833,-19.75,98,99,7.09,overcast clouds
78,Hamilton,US,39.1834,-84.5333,33.08,71,100,9.22,overcast clouds
79,Nagato,JP,34.3833,131.2,55.42,75,9,4.56,clear sky
80,Kavieng,PG,-2.5744,150.7967,82.02,72,100,9.93,overcast clouds
81,Ha Tinh,VN,18.3333,105.9,74.84,94,41,2.42,scattered clouds
82,Coquimbo,CL,-29.9533,-71.3436,64.13,77,75,10.36,broken clouds
83,Bandarbeyla,SO,9.4942,50.8122,78.62,69,1,16.4,clear sky
84,The Valley,AI,18.217,-63.0578,86.14,70,40,14.97,scattered clouds
85,Tilichiki,RU,60.4667,166.1,2.57,97,55,7.0,broken clouds
86,Maningrida,AU,-12.0667,134.2667,78.78,84,80,0.92,broken clouds
87,Preeceville,CA,51.95,-102.6677,10.49,86,100,15.52,overcast clouds
88,Burgersdorp,ZA,-30.9977,26.3286,70.05,20,67,6.11,broken clouds
89,Torbay,CA,47.6666,-52.7314,54.55,90,75,29.93,light rain
90,Port Blair,IN,11.6667,92.75,77.04,94,40,0.0,mist
91,Poronaysk,RU,49.2167,143.1167,21.31,83,16,3.2,few clouds
92,Sabha,LY,27.0377,14.4283,66.43,23,0,4.85,clear sky
93,Faya,SA,18.3851,42.4509,62.71,69,2,3.49,clear sky
94,Chokurdakh,RU,70.6333,147.9167,-9.83,94,100,5.97,overcast clouds
95,Sitka,US,57.0531,-135.33,37.29,87,0,0.0,clear sky
96,Taoudenni,ML,22.6783,-3.9836,79.74,11,0,10.0,clear sky
97,Cuamba,MZ,-14.8031,36.5372,80.76,53,69,3.89,broken clouds
98,Grindavik,IS,63.8424,-22.4338,46.87,81,75,24.16,broken clouds
99,Varhaug,NO,58.6147,5.6457,42.89,66,67,35.48,broken clouds
100,Codajas,BR,-3.8367,-62.0569,86.99,62,100,1.63,light rain
101,Dingle,PH,10.9995,122.6711,75.63,95,100,8.1,overcast clouds
102,Esil,KZ,51.9556,66.4042,9.66,99,91,2.33,overcast clouds
103,Talnakh,RU,69.4865,88.3972,-3.8,97,100,19.71,light snow
104,Deori Khas,IN,23.4,79.0167,60.51,45,0,3.76,clear sky
105,Chapais,CA,49.7834,-74.8492,20.98,86,100,9.35,light snow
106,Marzuq,YE,14.4,46.4667,65.53,68,28,5.82,scattered clouds
107,Mahebourg,MU,-20.4081,57.7,69.26,58,62,6.13,broken clouds
108,Narrabri,AU,-30.3167,149.7833,51.04,63,0,6.49,clear sky
109,Hvolsvollur,IS,63.7533,-20.2243,47.07,82,51,11.23,broken clouds
110,Codrington,AU,-38.2667,141.9667,43.21,95,5,9.04,clear sky
111,Saint-Joseph,RE,-21.3667,55.6167,68.38,72,32,8.37,scattered clouds
112,Hithadhoo,MV,-0.6,73.0833,81.34,72,38,10.51,scattered clouds
113,Bethel,US,41.3712,-73.414,45.63,55,75,11.5,broken clouds
114,Nome,US,64.5011,-165.4064,35.67,87,100,17.27,overcast clouds
115,Rodrigues Alves,BR,-7.738,-72.6509,80.8,50,75,2.48,broken clouds
116,Provideniya,RU,64.3833,-173.3,35.53,99,100,12.06,moderate rain
117,Georgetown,MY,5.4112,100.3354,77.9,99,40,0.0,thunderstorm with light rain
118,Faanui,PF,-16.4833,-151.75,78.39,79,57,2.86,light rain
119,Brae,GB,60.3964,-1.353,46.09,68,100,30.11,overcast clouds
120,Hambantota,LK,6.1241,81.1185,79.45,74,99,3.62,overcast clouds
121,Panzhihua,CN,26.5851,101.7128,50.95,65,0,1.61,clear sky
122,Mayo,US,38.8876,-76.5119,45.95,49,40,12.66,scattered clouds
123,Ampanihy,MG,-24.7,44.75,71.91,73,0,8.57,clear sky
124,Jieshi,CN,22.8134,115.8257,72.64,86,3,6.46,clear sky
125,Baruun-Urt,MN,46.6806,113.2792,25.9,54,50,6.93,scattered clouds
126,Esperance,AU,-33.8667,121.9,59.13,78,87,14.74,light rain
127,Manaus,BR,-3.1019,-60.025,91.89,55,75,8.05,broken clouds
128,Hilo,US,19.7297,-155.09,74.12,83,20,6.91,few clouds
129,Luhyny,UA,51.082,28.4006,25.5,82,84,4.97,broken clouds
130,Cidreira,BR,-30.1811,-50.2056,74.07,53,10,8.01,clear sky
131,Birjand,IR,32.8663,59.2211,54.07,28,40,4.61,scattered clouds
132,Namibe,AO,-15.1961,12.1522,69.85,80,43,7.9,scattered clouds
133,Hobart,AU,-42.8794,147.3294,45.05,93,11,4.61,few clouds
134,Dmitriyevka,RU,54.75,55.3333,13.55,85,97,10.13,overcast clouds
135,Mount Isa,AU,-20.7333,139.5,74.97,38,88,5.75,overcast clouds
136,Cortez,US,37.3489,-108.5859,39.04,35,0,0.0,clear sky
137,Saint-Philippe,RE,-21.3585,55.7679,69.39,73,48,8.21,scattered clouds
138,Dunedin,NZ,-45.8742,170.5036,52.81,97,100,1.99,overcast clouds
139,Shihezi,CN,44.3,86.0333,27.77,85,88,3.98,overcast clouds
140,Tasiilaq,GL,65.6145,-37.6368,37.56,89,95,5.35,overcast clouds
141,Suwannaphum,TH,15.6035,103.8021,79.86,77,100,6.2,overcast clouds
142,East London,ZA,-33.0153,27.9116,65.34,94,100,10.36,mist
143,Pevek,RU,69.7008,170.3133,-3.77,98,98,3.74,overcast clouds
144,Boa Vista,BR,2.8197,-60.6733,91.38,49,75,8.05,broken clouds
145,Alice Springs,AU,-23.7,133.8833,72.95,53,97,14.97,overcast clouds
146,Pisco,PE,-13.7,-76.2167,69.03,77,0,11.5,clear sky
147,Portland,US,45.5234,-122.6762,44.01,60,75,23.02,broken clouds
148,Suntar,RU,62.1444,117.6319,6.69,98,100,1.5,overcast clouds
149,Polyarnyy,RU,69.1989,33.4478,34.92,82,100,7.78,overcast clouds
150,Talaya,RU,61.3833,152.75,-16.35,99,100,2.98,overcast clouds
151,Fortuna,US,40.5982,-124.1573,43.14,93,0,4.61,clear sky
152,Raudeberg,NO,61.9875,5.1352,50.67,30,42,4.52,scattered clouds
153,Anahuac,MX,27.2333,-100.15,51.26,46,100,2.42,overcast clouds
154,Thompson,CA,55.7435,-97.8558,-0.24,71,75,6.91,broken clouds
155,Abbeville,FR,50.1,1.8333,53.56,85,87,11.56,light rain
156,Athabasca,CA,54.7169,-113.2854,1.81,72,75,7.29,broken clouds
157,Sombrio,BR,-29.1139,-49.6167,82.94,50,9,7.76,clear sky
158,Souillac,MU,-20.5167,57.5167,72.07,59,50,5.97,scattered clouds
159,Nova Mayachka,UA,46.6,33.2271,55.42,95,100,17.83,moderate rain
160,Broome,US,42.2506,-75.833,36.66,83,100,10.36,light snow
161,Lebanon,US,36.2081,-86.2911,42.28,56,0,5.75,clear sky
162,Manoel Urbano,BR,-8.8389,-69.2597,94.21,38,82,4.0,broken clouds
163,Gravdal,NO,68.1214,13.5031,37.29,55,0,4.61,clear sky
164,Egvekinot,RU,66.3167,-179.1667,28.53,99,100,5.37,snow
165,Platanos,GR,37.6667,21.6167,65.08,89,84,5.17,broken clouds
166,Sawakin,SD,19.1059,37.3321,85.06,63,2,7.4,clear sky
167,Tashtyp,RU,52.7939,89.8983,18.81,86,100,4.97,overcast clouds
168,Lakes Entrance,AU,-37.8811,147.981,45.16,84,7,3.53,clear sky
169,Batticaloa,LK,7.7102,81.6924,75.6,75,99,11.3,overcast clouds
170,Denia,ES,38.8408,0.1057,74.84,57,13,7.0,few clouds
171,Najran,SA,17.4924,44.1277,72.25,28,19,1.39,few clouds
172,Shaunavon,CA,49.6501,-108.4181,8.38,91,99,18.28,overcast clouds
173,Bergerac,FR,44.8333,0.5,58.77,94,75,10.36,broken clouds
174,Ilulissat,GL,69.2167,-51.1,17.62,86,75,4.61,light shower snow
175,Nishihara,JP,26.1842,127.7558,74.86,94,75,16.11,moderate rain
176,Port Hardy,CA,50.6996,-127.4199,32.18,100,20,2.3,few clouds
177,Laguna,US,38.421,-121.4238,61.09,74,0,3.44,clear sky
178,Butaritari,KI,3.0707,172.7902,80.6,76,100,16.49,overcast clouds
179,Opuwo,NA,-18.0607,13.84,79.2,39,89,10.11,light rain
180,Makakilo City,US,21.3469,-158.0858,74.68,82,0,5.75,clear sky
181,Mitchell,US,43.7094,-98.0298,24.78,62,75,23.02,broken clouds
182,Norman Wells,CA,65.282,-126.8329,9.41,82,58,2.73,broken clouds
183,Jeremie,HT,18.65,-74.1167,82.49,75,33,5.82,scattered clouds
184,Goya,AR,-29.14,-59.2626,98.04,16,0,10.4,clear sky
185,Hare Bay,CA,48.8499,-54.0148,47.8,92,100,13.51,overcast clouds
186,Avera,US,33.194,-82.5271,51.55,28,37,9.19,scattered clouds
187,Iralaya,HN,15.0,-83.2333,82.53,81,100,12.73,light rain
188,Port Hueneme,US,34.1478,-119.1951,74.84,18,0,12.66,clear sky
189,Talavera,PH,15.6167,120.9333,76.42,84,96,4.79,light rain
190,Isangel,VU,-19.55,169.2667,77.52,87,90,5.82,overcast clouds
191,Pyapon,MM,16.2833,95.6833,75.24,90,97,5.08,overcast clouds
192,Moron,AR,-34.6534,-58.6198,90.97,36,97,5.95,overcast clouds
193,Pampas,PE,-12.4,-74.9,64.17,43,92,10.67,overcast clouds
194,Port Alfred,ZA,-33.5906,26.891,64.18,92,100,7.49,overcast clouds
195,Brokopondo,SR,4.75,-55.1667,88.2,51,40,3.94,scattered clouds
196,Sigiriya,LK,7.9518,80.7426,68.18,86,98,0.65,overcast clouds
197,Hasaki,JP,35.7333,140.8333,51.22,55,100,12.24,overcast clouds
198,Gewane,ET,10.1664,40.6453,84.83,28,14,10.65,few clouds
199,Babu,CN,24.4167,111.5167,66.02,92,93,2.15,overcast clouds
200,Nhulunbuy,AU,-12.2333,136.7667,81.21,83,96,3.44,overcast clouds
201,Pimentel,PE,-6.8367,-79.9342,73.69,64,0,12.66,clear sky
202,Baglung,NP,28.2719,83.5898,52.3,86,12,3.94,few clouds
203,Fereydun Kenar,IR,36.6864,52.5225,61.02,88,0,0.0,clear sky
204,Tiksi,RU,71.6872,128.8694,-13.22,96,100,3.36,overcast clouds
205,Husavik,IS,66.0449,-17.3389,45.12,81,90,17.27,overcast clouds
206,Bad Doberan,DE,54.1071,11.9005,38.1,78,15,18.99,few clouds
207,Lavrentiya,RU,65.5833,-171.0,35.33,98,100,21.25,light snow
208,Kalemie,CD,-5.9475,29.1947,72.63,83,100,3.29,light rain
209,Brouch,LU,49.7361,6.0231,49.48,92,20,5.75,few clouds
210,Port Shepstone,ZA,-30.7414,30.455,70.83,77,64,5.99,broken clouds
211,Naze,JP,28.3667,129.4833,72.52,92,99,9.13,overcast clouds
212,Zaraza,VE,9.3503,-65.3245,86.38,61,100,3.31,overcast clouds
213,Padang,ID,-0.9492,100.3543,73.45,86,100,4.16,light rain
214,Quatre Cocos,MU,-20.2078,57.7625,69.1,60,79,7.7,broken clouds
215,Oshakati,NA,-17.7833,15.6833,89.38,25,81,8.72,broken clouds
216,Gat,IL,31.61,34.7642,65.08,100,11,1.72,few clouds
217,Kattivakkam,IN,13.2167,80.3167,77.09,70,93,12.03,overcast clouds
218,Muisne,EC,0.6,-80.0333,75.94,79,97,12.55,overcast clouds
219,Fermoy,IE,52.1358,-8.2758,47.64,93,38,8.9,scattered clouds
220,Shawville,CA,45.6001,-76.4827,29.82,69,100,12.35,overcast clouds
221,Chuy,UY,-33.6971,-53.4616,81.48,37,71,6.2,broken clouds
222,Guerrero Negro,MX,27.9769,-114.0611,68.95,30,0,1.05,clear sky
223,Singarayakonda,IN,15.25,80.0333,72.68,65,60,5.39,broken clouds
224,Adelanto,US,34.5828,-117.4092,63.41,22,0,3.2,clear sky
225,Salinopolis,BR,-0.6136,-47.3561,83.26,67,91,9.28,overcast clouds
226,Morgan City,US,29.6994,-91.2068,53.02,43,0,4.61,clear sky
227,Manacapuru,BR,-3.2997,-60.6206,88.3,53,100,2.15,overcast clouds
228,Pangnirtung,CA,66.1451,-65.7125,-4.13,96,95,3.6,overcast clouds
229,Sanchor,IN,24.7553,71.7722,73.2,21,0,10.69,clear sky
230,Narsaq,GL,60.9167,-46.05,21.42,81,73,5.5,broken clouds
231,Denpasar,ID,-8.65,115.2167,80.26,88,75,2.3,broken clouds
232,Chkalovskoye,RU,44.8392,133.0436,32.49,91,100,4.09,light snow
233,Mareeba,AU,-17.0,145.4333,71.44,93,15,2.24,few clouds
234,Kaitangata,NZ,-46.2817,169.8464,51.85,96,100,3.44,overcast clouds
235,Victoria,HK,22.2855,114.1577,76.32,86,0,8.01,clear sky
236,Adolfo Lopez Mateos,MX,28.4667,-107.3,46.92,38,1,5.66,clear sky
237,Santana,BR,-0.0583,-51.1817,93.38,55,40,10.36,scattered clouds
238,Te Anau,NZ,-45.4167,167.7167,52.43,99,100,2.55,overcast clouds
239,Aswan,EG,24.0934,32.907,72.7,28,0,9.22,clear sky
240,Sudak,UA,44.85,34.9667,56.25,86,100,23.82,light rain
241,Rosetta,EG,31.4044,30.4164,68.13,64,0,6.62,clear sky
242,Kapra,IN,17.4846,78.561,68.7,59,22,2.3,haze
243,Kapit,MY,2.0167,112.9333,74.16,99,100,2.3,moderate rain
244,Hofn,IS,64.2539,-15.2082,48.22,87,100,17.27,light intensity drizzle
245,Buala,SB,-8.145,159.5921,78.22,84,88,1.79,moderate rain
246,San Carlos De Bariloche,AR,-41.1456,-71.3082,71.35,24,20,21.85,few clouds
247,Lebu,CL,-37.6167,-73.65,62.96,76,93,11.12,overcast clouds
248,Port Moresby,PG,-9.4431,147.1797,76.42,94,40,3.44,scattered clouds
249,Chinsali,ZM,-10.5414,32.0816,73.6,52,56,4.25,broken clouds
250,Zyryanka,RU,65.75,150.85,-14.1,99,100,7.52,overcast clouds
251,Solnechnyy,RU,50.7214,136.6319,17.83,82,87,4.36,overcast clouds
252,Tierranueva,MX,21.6833,-100.5667,59.63,65,92,6.62,overcast clouds
253,Jaroslaw,PL,50.0162,22.6778,33.8,97,100,7.2,light snow
254,Katsuura,JP,35.1333,140.3,57.83,75,100,13.6,overcast clouds
255,Manado,ID,1.487,124.8455,75.97,100,40,2.3,scattered clouds
256,Bac Lieu,VN,9.285,105.7244,78.67,88,98,9.8,overcast clouds
257,College,US,64.8569,-147.8028,11.59,84,0,0.0,clear sky
258,Sistranda,NO,63.7256,8.834,44.56,45,36,30.74,scattered clouds
259,Bambanglipuro,ID,-7.95,110.2833,75.52,93,100,1.83,light rain
260,Los Llanos De Aridane,ES,28.6585,-17.9182,70.12,81,20,5.75,few clouds
261,Areosa,PT,41.7178,-8.8571,57.81,81,78,13.29,broken clouds
262,Yamada,JP,39.4667,141.95,39.11,63,0,5.88,clear sky
263,Outjo,NA,-20.1167,16.15,82.36,32,90,2.21,overcast clouds
264,Airai,TL,-8.9266,125.4092,62.22,90,99,1.1,overcast clouds
265,Touros,BR,-5.1989,-35.4608,83.68,62,8,17.27,clear sky
266,Kothi,IN,24.75,80.7833,63.07,39,0,4.36,clear sky
267,Severodvinsk,RU,64.5635,39.8302,23.11,87,100,6.69,overcast clouds
268,Yongan,CN,39.6957,113.6871,40.64,47,76,5.99,broken clouds
269,Ahuimanu,US,21.4447,-157.8378,75.85,88,20,1.01,light rain
270,Bilibino,RU,68.0546,166.4372,-17.61,100,99,1.79,overcast clouds
271,Cherskiy,RU,68.75,161.3,-7.6,99,100,7.09,overcast clouds
272,Asfi,MA,32.2994,-9.2372,67.35,89,35,4.74,scattered clouds
273,Bodden Town,KY,19.2833,-81.25,86.0,69,20,16.11,few clouds
274,Palmares Do Sul,BR,-30.2578,-50.5097,80.31,35,21,9.17,few clouds
275,Pinawa,CA,50.1489,-95.8811,21.7,82,100,8.34,overcast clouds
276,Ekhabi,RU,53.5102,142.9671,9.68,95,80,4.68,broken clouds
277,Blackwater,AU,-23.5833,148.8833,64.06,32,32,8.16,scattered clouds
278,Mormugao,IN,15.4,73.8,74.59,60,59,6.17,broken clouds
279,La Ronge,CA,55.1001,-105.2842,3.45,72,40,9.22,scattered clouds
280,Cheney,US,47.4874,-117.5758,32.99,49,20,9.22,few clouds
281,Sao Domingos,BR,-13.3983,-46.3183,83.43,55,95,2.1,overcast clouds
282,Cabo San Lucas,MX,22.8909,-109.9124,82.06,57,84,1.99,broken clouds
283,Wanning,CN,18.8003,110.3967,77.23,88,65,3.96,broken clouds
284,Bull Savanna,JM,17.8868,-77.5902,83.34,67,32,9.4,scattered clouds
285,Salmas,IR,38.1973,44.7653,45.01,70,85,6.49,overcast clouds
286,Esso,RU,55.9333,158.7,1.56,93,21,5.35,few clouds
287,Banda Aceh,ID,5.5577,95.3222,78.85,79,100,9.35,overcast clouds
288,Tiarei,PF,-17.5333,-149.3333,82.42,78,31,5.48,scattered clouds
289,Ixtapa,MX,20.7,-105.2,87.22,43,0,3.6,clear sky
290,Genhe,CN,50.7833,121.5167,1.78,100,97,2.57,overcast clouds
291,Lata,PT,40.1629,-8.3327,58.82,91,75,4.59,broken clouds
292,Belyy Yar,RU,53.6039,91.3903,24.85,59,0,13.42,clear sky
293,Taitung,TW,22.7583,121.1444,75.47,81,4,4.41,clear sky
294,Atlantic City,US,39.3643,-74.4229,46.13,47,0,18.41,clear sky
295,Dikson,RU,73.5069,80.5464,8.13,91,100,15.55,light snow
296,Tura,IN,25.5198,90.2201,62.04,90,0,3.62,clear sky
297,Manicore,BR,-5.8092,-61.3003,89.55,66,40,3.44,scattered clouds
298,Kodiak,US,57.79,-152.4072,42.31,100,100,12.66,light rain
299,Korla,CN,41.7597,86.1469,35.37,43,12,0.81,few clouds
300,Cap Malheureux,MU,-19.9842,57.6142,69.48,60,57,3.0,broken clouds
301,Mount Gambier,AU,-37.8333,140.7667,43.61,96,3,6.35,clear sky
302,Saurimo,AO,-9.6608,20.3916,66.38,92,68,1.97,light rain
303,Alofi,NU,-19.0595,-169.9187,66.09,100,21,1.14,few clouds
304,Derzhavinsk,KZ,51.1,66.3167,15.3,96,56,2.48,broken clouds
305,Imeni Poliny Osipenko,RU,52.4201,136.4853,10.85,96,71,3.11,broken clouds
306,Pouebo,NC,-20.4,164.5667,75.22,87,74,4.09,broken clouds
307,Tocopilla,CL,-22.092,-70.1979,69.96,69,55,7.4,broken clouds
308,Vila,PT,42.0304,-8.1588,45.7,92,68,4.88,light rain
309,Itoman,JP,26.1247,127.6694,75.58,94,75,11.5,light rain
310,Paris,FR,48.8534,2.3488,54.37,80,0,8.05,clear sky
311,Tatawin,TN,32.9297,10.4518,67.6,50,20,7.61,few clouds
312,Lebyazhye,RU,55.2689,66.4947,7.65,88,18,1.43,few clouds
313,Lagoa,PT,39.05,-27.9833,60.44,58,41,16.82,scattered clouds
314,Moindou,NC,-21.6924,165.677,75.42,86,99,3.49,overcast clouds
315,Asosa,ET,10.0667,34.5333,68.32,50,76,5.23,broken clouds
316,Preobrazheniye,RU,42.9019,133.9064,42.48,76,58,0.98,broken clouds
317,Sakaiminato,JP,35.55,133.2333,44.58,100,0,5.75,clear sky
318,Saint-Francois,FR,46.4154,3.9054,49.68,93,75,3.44,broken clouds
319,Andenes,NO,69.3143,16.1194,37.38,75,0,12.66,clear sky
320,Rosa Zarate,EC,0.3333,-79.4667,91.15,47,92,3.15,overcast clouds
321,Bolshaya Glushitsa,RU,50.2406,43.5908,42.39,97,100,9.78,overcast clouds
322,Sterling Heights,US,42.5803,-83.0302,37.44,74,100,12.66,overcast clouds
323,Fort Nelson,CA,58.8053,-122.7002,2.79,85,40,4.61,scattered clouds
324,Kyaikto,MM,17.3,97.0167,75.15,93,98,4.85,overcast clouds
325,Joshimath,IN,30.5667,79.5667,45.82,22,0,8.14,clear sky
326,Vanavara,RU,60.34,102.2797,-19.03,99,97,3.02,overcast clouds
327,Fairbanks,US,64.8378,-147.7164,11.61,85,0,0.0,clear sky
328,Baoqing,CN,46.3317,132.2111,27.64,87,100,6.33,overcast clouds
329,Suluq,LY,31.6682,20.2521,68.23,59,0,7.52,clear sky
330,Chatan,JP,26.3094,127.7703,75.36,83,100,11.5,light rain
331,Carnarvon,AU,-24.8667,113.6333,65.66,64,84,16.96,broken clouds
332,Selma,US,36.5708,-119.6121,60.17,59,0,0.0,haze
333,Komsomolskiy,UZ,40.4272,71.7189,38.12,87,100,4.61,overcast clouds
334,Lahij,YE,13.1667,44.5833,72.63,72,32,5.08,scattered clouds
335,Ostrovnoy,RU,68.0531,39.5131,37.13,95,100,12.66,overcast clouds
336,Chifeng,CN,42.2683,118.9636,32.59,71,84,4.43,broken clouds
337,Carauari,BR,-4.8828,-66.8958,73.81,99,100,1.28,overcast clouds
338,Henties Bay,NA,-22.116,14.2845,61.25,87,87,10.87,overcast clouds
339,Miles City,US,46.4083,-105.8406,14.97,79,100,20.71,overcast clouds
340,Filingue,NE,14.3521,3.3168,82.13,14,85,7.25,overcast clouds
341,Vostok,RU,46.4856,135.8833,16.39,91,100,4.34,light snow
342,Ostrow Wielkopolski,PL,51.655,17.8069,32.94,73,17,9.78,few clouds
343,Tuensang,IN,26.2833,94.8333,54.3,95,0,3.29,clear sky
344,Port Macquarie,AU,-31.4333,152.9167,52.9,82,3,9.04,clear sky
345,Rio Grande,BR,-32.035,-52.0986,87.91,46,69,9.31,broken clouds
346,Vestmannaeyjar,IS,63.4427,-20.2734,47.39,87,40,24.16,scattered clouds
347,Qaqortoq,GL,60.7167,-46.0333,8.92,83,38,6.38,scattered clouds
348,Penzance,GB,50.1186,-5.5371,55.76,81,20,26.46,few clouds
349,Zhuanghe,CN,39.7008,122.9911,47.7,82,4,5.32,clear sky
350,Klaksvik,FO,62.2266,-6.589,49.12,84,100,33.62,overcast clouds
351,Aitape,PG,-3.1374,142.3475,77.41,88,98,3.24,overcast clouds
352,Viedma,AR,-40.8135,-62.9967,86.23,22,41,18.54,scattered clouds
353,Canakkale,TR,40.0833,26.8333,63.18,83,76,10.13,broken clouds
354,Saint-Leu,RE,-21.15,55.2833,71.31,67,19,3.65,few clouds
355,Guiratinga,BR,-16.3494,-53.7583,98.74,15,2,8.08,clear sky
356,Auki,SB,-8.7676,160.7034,76.33,88,85,3.65,overcast clouds
357,Kulhudhuffushi,MV,6.6221,73.07,81.37,76,37,6.4,scattered clouds
358,North Platte,US,41.1239,-100.7654,31.89,51,75,20.71,broken clouds
359,Yaan,NG,7.3833,8.5667,84.22,41,64,3.94,broken clouds
360,Port Keats,AU,-14.25,129.55,79.81,81,100,5.68,overcast clouds
361,Murfreesboro,US,35.8456,-86.3903,43.63,48,0,8.05,clear sky
362,Robe,AU,-37.1833,139.75,50.63,85,0,15.23,clear sky
363,Hualmay,PE,-11.0964,-77.6139,69.96,68,91,10.07,overcast clouds
364,Americus,US,32.0724,-84.2327,49.59,43,0,10.36,clear sky
365,Arraial Do Cabo,BR,-22.9661,-42.0278,78.76,61,20,12.66,few clouds
366,Iqaluit,CA,63.7506,-68.5145,10.13,79,100,0.0,light snow
367,Grande Riviere Du Nord,HT,19.5833,-72.1833,83.1,64,30,9.71,scattered clouds
368,Hami,CN,42.8,93.45,38.05,52,100,3.78,overcast clouds
369,Ahipara,NZ,-35.1667,173.1667,60.58,95,99,10.56,moderate rain
370,Iacu,BR,-12.7672,-40.2117,85.78,50,100,4.5,overcast clouds
371,Kasongo-Lunda,CD,-6.4667,16.8167,70.86,96,70,1.61,light rain
372,Plaster Rock,CA,46.9065,-67.39,30.72,94,100,10.18,light snow
373,Augusto Correa,BR,-1.0217,-46.635,85.19,62,98,6.02,overcast clouds
374,Estelle,US,29.8458,-90.1067,54.0,49,75,6.91,broken clouds
375,Natal,BR,-5.795,-35.2094,86.65,58,75,17.27,broken clouds
376,Salalah,OM,17.0151,54.0924,80.69,74,40,2.3,scattered clouds
377,Ulladulla,AU,-35.35,150.4667,48.67,80,24,6.06,few clouds
378,Shubarshi,KZ,48.5872,57.1869,30.4,79,100,18.39,overcast clouds
379,Kautokeino,NO,69.0125,23.0412,12.18,59,11,2.77,few clouds
380,Pont-Rouge,CA,46.7566,-71.6978,29.5,86,99,9.82,light snow
381,Ambulu,ID,-8.345,113.6058,75.51,96,99,6.38,overcast clouds
382,Sao Joao Da Barra,BR,-21.6403,-41.0511,80.69,57,50,20.29,scattered clouds
383,Jizan,SA,17.3333,42.6667,83.34,65,3,3.15,clear sky
384,Bossangoa,CF,6.4926,17.4552,76.62,42,89,2.24,overcast clouds
385,San Quintin,MX,30.4833,-115.95,66.47,20,27,3.38,scattered clouds
386,Otanche,CO,5.6567,-74.1825,80.49,61,85,4.21,overcast clouds
387,Santa Cruz,BO,-17.8,-63.1667,95.05,36,20,8.05,few clouds
388,Krasnoselkup,RU,65.7,82.4667,5.45,81,100,22.41,overcast clouds
389,Mantua,IT,45.1667,10.7833,54.64,89,97,5.01,overcast clouds
390,Noshiro,JP,40.2039,140.0242,38.84,70,76,5.44,broken clouds
391,Mezen,RU,65.8522,44.24,25.5,93,100,10.51,overcast clouds
392,Boguchany,RU,58.3814,97.4531,6.98,91,92,5.91,overcast clouds
393,Ucluelet,CA,48.9329,-125.5528,34.11,57,2,4.88,clear sky
394,Aklavik,CA,68.2191,-135.0107,5.0,92,20,3.44,few clouds
395,Guilin,CN,25.2819,110.2864,59.11,92,100,2.84,overcast clouds
396,Manokwari,ID,-0.8667,134.0833,78.75,81,100,3.36,overcast clouds
397,Iroquois Falls,CA,48.7669,-80.6831,18.59,70,100,9.01,overcast clouds
398,Pacific Grove,US,36.6177,-121.9166,64.38,57,0,7.0,clear sky
399,Waounde,SN,15.2637,-12.8682,92.46,13,27,8.37,scattered clouds
400,Olafsvik,IS,64.8945,-23.7142,45.66,83,81,30.31,broken clouds
401,Tual,ID,-5.6667,132.75,81.72,75,100,5.21,overcast clouds
402,Qui Nhon,VN,13.7667,109.2333,76.84,91,10,7.14,clear sky
403,Half Moon Bay,US,37.4636,-122.4286,59.92,66,0,3.44,clear sky
404,Asau,RO,46.4333,26.4,36.52,94,100,1.21,overcast clouds
405,Langarud,IR,37.197,50.1535,59.05,77,51,0.45,broken clouds
406,Port-Gentil,GA,-0.7193,8.7815,78.76,89,40,6.91,scattered clouds
407,Guarda,PT,40.5373,-7.2658,48.24,89,61,6.8,broken clouds
408,Tupik,RU,54.4253,119.9327,0.45,99,91,1.63,overcast clouds
409,Yulara,AU,-25.2406,130.9889,68.43,77,1,11.34,clear sky
410,San Patricio,US,28.017,-97.5169,53.83,53,100,7.78,overcast clouds
411,Funtua,NG,11.5233,7.3081,74.68,28,53,7.87,broken clouds
412,Ilyich,KZ,40.8464,68.5067,43.95,54,100,4.05,overcast clouds
413,Vila Franca Do Campo,PT,37.7167,-25.4333,63.01,65,51,11.36,broken clouds
414,Svobodnyy,RU,51.4,128.1333,18.37,97,100,1.7,overcast clouds
415,Chivay,PE,-15.6383,-71.6011,71.02,9,99,12.5,overcast clouds
416,Ocampo,MX,21.65,-101.5,66.94,38,1,4.34,clear sky
417,Lifford,IE,54.8319,-7.4836,42.71,90,100,2.48,overcast clouds
418,Chimbote,PE,-9.0853,-78.5783,69.1,75,89,11.07,overcast clouds
419,Salym,RU,60.0625,71.4789,-7.96,94,42,5.44,scattered clouds
420,Sinegorskiy,RU,48.0139,40.8447,47.52,97,98,6.73,overcast clouds
421,Barletta,IT,41.3118,16.2908,61.07,75,81,6.46,broken clouds
422,Puerto Narino,CO,-3.7703,-70.3831,79.95,79,100,2.66,overcast clouds
423,Kamenka,RU,51.3223,42.7678,33.96,100,100,5.26,light snow
424,San Cristobal,VE,7.7669,-72.225,78.98,68,97,4.41,overcast clouds
425,Shar,KZ,49.5886,81.0453,24.22,58,96,7.09,overcast clouds
426,Pathein,MM,16.7833,94.7333,75.49,86,82,3.56,broken clouds
427,Lensk,RU,60.7253,114.9278,17.91,95,100,4.34,light snow
428,The Pas,CA,53.8251,-101.2541,8.62,72,20,19.57,few clouds
429,Visaginas,LT,55.6,26.4167,29.75,95,99,8.34,light snow
430,Richards Bay,ZA,-28.783,32.0377,73.26,88,88,3.69,overcast clouds
431,Kalmunai,LK,7.4167,81.8167,73.53,80,95,10.47,overcast clouds
432,Rio Gallegos,AR,-51.6226,-69.2181,66.04,24,16,26.46,few clouds
433,Aksarka,RU,66.5606,67.7975,17.92,78,100,27.4,overcast clouds
434,Finschhafen,PG,-6.6024,147.8681,80.83,84,97,8.43,overcast clouds
435,Rocha,UY,-34.4833,-54.3333,84.56,39,94,4.56,overcast clouds
436,Brandon,US,27.9378,-82.2859,67.24,59,0,8.01,clear sky
437,Hanmer Springs,NZ,-42.5167,172.8167,54.88,96,99,0.18,overcast clouds
438,Abnub,EG,27.2696,31.1511,70.02,44,100,5.35,overcast clouds
439,Ranchi,IN,23.35,85.3333,60.91,72,0,0.0,haze
440,Thyboron,DK,56.6985,8.2124,42.15,72,7,35.84,clear sky
441,Kargasok,RU,59.0556,80.8572,-13.59,99,18,4.36,few clouds
442,Dzhebariki-Khaya,RU,62.2167,135.8,-33.66,97,50,1.07,scattered clouds
443,Dongsheng,CN,39.8161,109.9776,40.12,56,100,6.96,overcast clouds
444,Lagos,NG,6.5833,3.75,84.52,77,97,6.35,overcast clouds
445,Sao Felix Do Xingu,BR,-6.6447,-51.995,84.67,64,98,1.25,overcast clouds
446,Horn Lake,US,34.9554,-90.0348,44.04,46,0,8.05,clear sky
447,Porto Novo,BJ,6.4965,2.6036,84.02,76,60,7.0,broken clouds
448,Kirakira,SB,-10.4544,161.9205,78.39,85,80,0.43,broken clouds
449,Akonolinga,CM,3.7667,12.25,69.39,90,62,3.13,broken clouds
450,Gainesville,US,29.6516,-82.3248,59.09,40,0,6.91,clear sky
451,Avesta,SE,60.1455,16.1679,32.59,96,65,8.41,broken clouds
452,Berlevag,NO,70.8578,29.0864,42.75,93,75,16.11,light intensity drizzle
453,Virginia Beach,US,36.8529,-75.978,50.05,41,0,16.11,clear sky
454,Chumikan,RU,54.7183,135.315,19.15,80,91,11.59,overcast clouds
455,Urengoy,RU,65.9667,78.3667,8.19,78,100,22.66,overcast clouds
456,Vao,NC,-22.6667,167.4833,75.6,79,95,10.38,overcast clouds
457,Vila Velha,BR,-20.3297,-40.2925,78.75,78,75,18.01,broken clouds
458,Linxia,CN,35.6003,103.2064,40.32,53,94,3.11,overcast clouds
459,Abu Samrah,SY,35.3029,37.1841,59.11,72,19,8.66,few clouds
460,Rudbar,AF,30.15,62.6,67.01,17,58,9.69,broken clouds
461,Syracuse,IT,37.0881,15.2792,67.59,76,58,13.24,broken clouds
462,Monzon,ES,41.9108,0.1941,62.02,56,53,14.38,broken clouds
463,Magistralnyy,RU,56.1725,107.4458,22.28,89,100,2.17,overcast clouds
464,Goderich,CA,43.7501,-81.7165,35.91,69,100,13.8,overcast clouds
465,Beloha,MG,-25.1667,45.05,72.3,73,4,5.41,clear sky
466,Palauig,PH,15.435,119.9045,80.69,77,72,4.03,broken clouds
467,Lashio,MM,22.9333,97.75,55.72,91,0,1.9,clear sky
468,Celestun,MX,20.8667,-90.4,81.81,68,98,14.18,light rain
469,Nara,JP,34.6851,135.8049,47.5,74,1,1.68,clear sky
470,Sola,VU,-13.8833,167.55,81.43,71,9,6.78,clear sky
471,Vynohradivka,UA,45.6812,28.5714,46.24,82,99,15.59,overcast clouds
472,Ostersund,SE,63.1792,14.6357,19.85,100,0,11.99,clear sky
473,Teisani,RO,45.2333,25.9833,47.5,81,48,6.24,scattered clouds
474,Laurel,US,39.0993,-76.8483,45.01,51,40,17.27,scattered clouds
475,Sayyan,YE,15.1718,44.3244,55.83,38,1,2.82,clear sky
476,Pangoa,PE,-12.1167,-73.0,90.82,40,89,5.41,overcast clouds
477,Avon Park,US,27.5959,-81.5062,67.8,62,67,10.04,broken clouds
478,Rapid Valley,US,44.0625,-103.1463,20.14,63,75,34.52,broken clouds
479,Olinda,BR,-8.0089,-34.8553,83.93,58,40,10.36,scattered clouds
480,Sorong,ID,-0.8833,131.25,79.97,84,100,3.89,overcast clouds
481,Udachnyy,RU,66.4167,112.4,-18.17,96,99,7.76,overcast clouds
482,Zdvinsk,RU,54.7021,78.661,11.46,94,100,3.11,overcast clouds
483,Bengkulu,ID,-3.8004,102.2655,75.87,88,100,9.28,overcast clouds
484,Lima,PE,-12.0432,-77.0282,68.25,64,40,9.22,scattered clouds
485,Porangatu,BR,-13.4408,-49.1486,92.82,38,10,3.13,clear sky
486,Huesca,ES,42.1362,-0.4087,59.68,83,75,19.57,broken clouds
487,Victoria Point,AU,-27.5833,153.3,57.16,87,3,5.68,clear sky
488,Champerico,GT,14.3,-91.9167,91.94,74,4,6.89,clear sky
489,Lao Cai,VN,22.4833,103.95,72.54,98,68,0.43,broken clouds
490,Srandakan,ID,-7.9386,110.2506,75.9,94,100,4.59,moderate rain
491,Muros,ES,42.7762,-9.0603,56.08,88,70,9.48,broken clouds
492,Seybaplaya,MX,19.65,-90.6667,84.45,58,69,6.85,broken clouds
493,Leningradskiy,RU,69.3833,178.4167,8.58,95,100,8.9,overcast clouds
494,Maniitsoq,GL,65.4167,-52.9,23.86,69,100,5.03,overcast clouds
495,Gejiu,CN,23.306,103.1635,53.1,94,33,3.2,scattered clouds
496,Xiaolingwei,CN,32.0333,118.85,55.38,89,100,7.74,overcast clouds
497,Nyurba,RU,63.2842,118.3319,-1.97,93,98,4.5,overcast clouds
498,Wajir,KE,1.7471,40.0573,87.62,44,68,17.45,broken clouds
499,Margate,GB,51.3813,1.3862,50.31,78,96,4.0,overcast clouds
500,Sivas,TR,39.7916,37.0019,44.69,59,74,5.77,broken clouds
501,Dudinka,RU,69.4058,86.1778,-3.39,97,100,28.9,light snow
502,Villa Carlos Paz,AR,-31.4241,-64.4978,96.06,16,0,15.01,clear sky
503,Petropavlovka,RU,50.6114,105.3196,18.54,85,76,5.66,broken clouds
504,Le Port,RE,-20.9373,55.2919,72.25,64,31,5.01,scattered clouds
505,Shingu,JP,33.7333,135.9833,50.68,71,100,6.15,overcast clouds
506,Contai,IN,21.7786,87.7536,69.26,50,0,7.99,clear sky
507,Mkuranga,TZ,-7.118,39.2078,79.79,88,50,5.35,scattered clouds
508,Great Falls,US,47.5002,-111.3008,13.66,75,100,10.36,overcast clouds
509,Northam,GB,51.0333,-4.2167,50.61,80,7,19.69,clear sky
510,Coihaique,CL,-45.5752,-72.0662,65.01,67,100,10.36,light intensity shower rain
511,Roald,NO,62.5833,6.1333,51.94,25,0,14.97,clear sky
512,Gondanglegi,ID,-7.7479,112.0132,75.15,95,100,9.71,overcast clouds
513,Las Palmas,ES,28.4204,-14.0131,70.59,78,20,9.22,few clouds
514,Meulaboh,ID,4.1363,96.1285,75.63,88,93,2.8,overcast clouds
515,Cranbrook,CA,49.4999,-115.7688,15.64,79,40,0.0,scattered clouds
516,Cartagena,CO,10.3997,-75.5144,78.42,100,75,18.41,heavy intensity rain
517,Richland,US,40.7834,-82.5499,31.35,83,90,5.01,overcast clouds
518,Necochea,AR,-38.5473,-58.7368,72.86,50,43,17.85,scattered clouds
519,Matadi,CD,-5.8167,13.45,78.08,82,95,5.28,light rain
520,Kununurra,AU,-15.7667,128.7333,80.58,89,40,3.44,scattered clouds
521,Minbu,MM,20.1833,94.8833,71.98,66,35,4.25,scattered clouds
522,Svetlogorsk,BY,52.6333,29.7333,28.87,66,57,5.57,broken clouds
523,Srednekolymsk,RU,67.45,153.6833,-13.72,94,99,14.03,overcast clouds
524,Almaznyy,RU,48.0448,40.045,45.16,97,99,6.15,overcast clouds
525,Chara,RU,56.9064,118.2631,12.04,78,74,1.45,broken clouds
526,Oussouye,SN,12.485,-16.5469,95.18,40,40,7.36,scattered clouds
527,Guarapari,BR,-20.6667,-40.4975,76.89,78,100,15.59,overcast clouds
528,Kaeo,NZ,-35.1,173.7833,65.32,95,100,8.68,overcast clouds
529,Diamantino,BR,-14.4086,-56.4461,97.83,24,9,4.61,clear sky
530,Rawson,AR,-43.3002,-65.1023,79.5,33,99,22.28,overcast clouds
531,Woodmere,US,40.6321,-73.7126,47.43,49,58,24.0,broken clouds
532,Ribas Do Rio Pardo,BR,-20.4431,-53.7592,94.08,18,0,6.24,clear sky
533,Sorland,NO,67.667,12.6934,44.46,59,55,11.83,broken clouds
534,Saint-Augustin,CA,51.226,-58.6502,29.5,96,100,26.46,snow
535,Lasa,IT,46.6166,10.7002,45.48,88,78,1.79,broken clouds
536,Wilmington,US,34.2257,-77.9447,51.01,48,0,11.5,clear sky
537,Coos Bay,US,43.3665,-124.2179,39.18,93,75,8.05,broken clouds
538,Anito,PH,12.4497,125.2886,75.94,95,100,3.29,overcast clouds
539,Mamlyutka,KZ,54.9375,68.5394,5.23,92,27,2.64,scattered clouds
540,Broken Hill,AU,-31.95,141.4333,57.42,44,31,8.61,scattered clouds
541,Tahta,EG,26.7693,31.5021,68.07,42,100,7.63,overcast clouds
542,Leh,IN,34.1667,77.5833,15.73,59,0,3.04,clear sky
543,Phan Thiet,VN,10.9333,108.1,76.05,88,89,4.72,overcast clouds
544,Erenhot,CN,43.6475,111.9767,34.54,33,100,8.72,overcast clouds
545,Walvis Bay,NA,-22.9575,14.5053,67.15,68,63,13.8,broken clouds
546,Zhengjiatun,CN,43.5064,123.5064,31.5,69,0,8.59,clear sky
547,Malakal,SS,9.5334,31.6605,81.59,30,0,5.06,clear sky
548,Morehead,US,37.2711,-87.1764,36.99,58,40,6.91,scattered clouds
549,Ketchikan,US,55.3422,-131.6461,32.47,80,0,4.61,clear sky
550,Qiryat Shemona,IL,33.2073,35.5721,63.7,77,10,1.39,clear sky
551,Digras,IN,20.1167,77.7167,66.2,53,0,3.47,clear sky
552,Muzhi,RU,65.3667,64.6667,11.44,78,100,14.45,light snow
553,Lorengau,PG,-2.0226,147.2712,80.62,70,100,5.1,overcast clouds
554,Tignere,CM,7.3667,12.65,70.74,40,3,3.98,clear sky
555,Loukhi,RU,66.0764,33.0381,25.79,94,64,4.9,broken clouds
556,Macae,BR,-22.3708,-41.7869,82.15,65,20,12.66,few clouds
557,Kualakapuas,ID,-3.0091,114.3876,75.18,97,76,2.82,moderate rain
558,Kahului,US,20.8947,-156.47,77.85,77,20,6.91,few clouds
559,Poplar Bluff,US,36.757,-90.3929,41.18,39,68,4.0,broken clouds
560,Lichinga,MZ,-13.3128,35.2406,69.89,73,40,6.91,scattered clouds
561,Saint-Quentin,FR,49.8333,3.3333,49.62,86,83,11.83,broken clouds
562,Barnala,IN,30.3833,75.55,62.71,31,0,5.17,clear sky
563,Flinders,AU,-34.5833,150.8552,51.39,76,45,9.13,scattered clouds
564,Ustyuzhna,RU,58.8394,36.4321,24.49,92,95,8.21,overcast clouds
565,Paamiut,GL,61.994,-49.6678,17.01,64,83,3.62,broken clouds
566,Emba,KZ,48.8264,58.1442,28.33,74,100,17.02,overcast clouds
567,Bontang,ID,0.1333,117.5,77.76,91,100,5.73,overcast clouds
568,Prado,BR,-17.3411,-39.2208,75.79,87,100,4.85,overcast clouds
569,Tubuala,PA,9.5167,-79.0333,80.2,86,100,9.95,moderate rain
570,Arkhangelsk,RU,64.5401,40.5433,23.11,100,100,4.47,overcast clouds
571,Cairns,AU,-16.9167,145.7667,76.06,96,6,1.14,clear sky
572,Mouila,GA,-1.8685,11.0559,72.9,98,95,2.82,light rain
573,Jijiga,ET,9.35,42.8,64.76,65,62,10.02,broken clouds
574,Podosinovets,RU,60.2776,47.0659,13.24,96,11,4.21,few clouds
575,Fairhope,US,30.523,-87.9033,56.1,51,0,8.05,clear sky
576,Adrar,MR,20.5022,-10.0711,78.4,12,0,8.23,clear sky
577,Severobaykalsk,RU,55.65,109.3167,24.91,82,99,6.15,overcast clouds
578,Barabai,ID,-2.5833,115.3833,74.89,96,97,3.83,light rain
579,Dali,CN,25.7,100.1833,45.5,64,0,3.83,clear sky
580,San Buenaventura,MX,27.0833,-101.5333,54.48,44,36,2.15,scattered clouds
581,Itarema,BR,-2.9248,-39.9167,85.33,61,11,18.72,few clouds
582,Tabursuq,TN,36.4569,9.2475,66.49,74,70,6.46,broken clouds
583,Ponca City,US,36.707,-97.0856,50.31,59,0,3.44,clear sky
584,Tokmak,UA,47.2514,35.7058,50.41,96,100,13.65,moderate rain
585,Evensk,RU,61.95,159.2333,2.21,80,77,11.07,broken clouds
586,Moose Factory,CA,51.2585,-80.6094,19.38,68,100,14.97,overcast clouds
587,Antalaha,MG,-14.9003,50.2788,73.42,89,32,1.7,scattered clouds
588,Beyneu,KZ,45.3167,55.2,41.02,71,100,18.92,overcast clouds
589,Peniche,PT,39.3558,-9.3811,61.29,93,76,13.11,broken clouds
590,Saint-Paul,RE,-21.0096,55.2707,72.36,70,38,1.3,scattered clouds
591,Raga,SS,8.4596,25.678,79.77,28,49,4.7,scattered clouds
592,Umm Kaddadah,SD,13.6017,26.6876,73.9,20,1,12.28,clear sky
593,Boditi,ET,6.9667,37.8667,59.99,52,11,1.99,few clouds
594,Likasi,CD,-10.9814,26.7333,65.16,88,46,1.14,scattered clouds
595,Chebsara,RU,59.2002,38.8356,22.33,78,73,9.08,broken clouds
596,Shubarkuduk,KZ,49.1447,56.4872,30.83,80,100,19.19,overcast clouds
597,Rock Springs,US,41.5875,-109.2029,20.64,79,100,10.36,overcast clouds
598,Chunskiy,RU,56.0815,99.6342,22.12,86,91,9.53,overcast clouds
599,Cabra,ES,37.4725,-4.4421,60.48,84,89,13.87,overcast clouds
600,Ginda,IN,30.6945,78.4932,44.65,32,0,7.07,clear sky
601,Konyshevka,RU,51.8418,35.2941,26.62,79,100,8.59,overcast clouds
602,Santiago,CL,-33.4569,-70.6483,90.55,34,0,11.5,clear sky
603,Tazovskiy,RU,67.4667,78.7,9.21,93,100,22.19,light snow
604,Ondangwa,NA,-17.9167,15.95,89.85,23,87,12.93,overcast clouds
605,Rajshahi,BD,24.3667,88.6,68.81,54,0,6.78,clear sky
606,Dalvik,IS,65.9702,-18.5286,48.13,88,99,8.21,overcast clouds
607,Cayenne,GF,4.9333,-52.3333,89.64,58,0,8.05,clear sky
608,Zhigansk,RU,66.7697,123.3711,-8.34,96,100,13.13,overcast clouds
609,Ambunti,PG,-4.2365,142.8448,74.62,98,100,2.39,overcast clouds
610,Itacoatiara,BR,-3.1431,-58.4442,99.01,30,99,2.28,overcast clouds
611,Letterkenny,IE,54.95,-7.7333,42.73,89,100,2.46,overcast clouds
612,Xining,CN,36.6167,101.7667,36.27,77,88,1.92,overcast clouds
613,Agirish,RU,61.9247,63.0231,-0.09,88,19,7.43,few clouds
614,Hay River,CA,60.8156,-115.7999,13.98,79,75,10.36,broken clouds
615,Ust-Nera,RU,64.5667,143.2,-22.31,99,92,4.34,overcast clouds
616,Nantucket,US,41.2835,-70.0995,48.09,77,96,28.36,overcast clouds
617,Brawley,US,32.9787,-115.5303,68.49,14,5,4.09,clear sky
618,Iracoubo,GF,5.4802,-53.2011,84.4,65,65,11.41,broken clouds
619,Maxixe,MZ,-23.8597,35.3472,75.22,69,0,8.9,clear sky
620,Barmer,IN,25.75,71.3833,70.03,23,0,4.85,clear sky
621,Mapiripan,CO,2.8892,-72.1256,85.89,62,100,6.38,overcast clouds
622,Yakeshi,CN,49.2833,120.7333,10.24,97,67,4.74,broken clouds
623,Praia Da Vitoria,PT,38.7333,-27.0667,65.75,88,40,15.05,scattered clouds
624,Ambilobe,MG,-13.2,49.05,75.51,81,79,2.82,broken clouds
625,Yumen,CN,40.2833,97.2,33.26,40,97,15.41,overcast clouds
626,Moree,AU,-29.4667,149.85,55.02,52,0,5.01,clear sky
627,Puri,IN,19.8,85.85,66.72,59,1,8.7,clear sky
628,Sao Filipe,CV,14.8961,-24.4956,78.85,71,54,5.82,broken clouds
629,Port Augusta,AU,-32.5,137.7667,65.25,32,87,8.5,overcast clouds
630,Samarai,PG,-10.6167,150.6667,82.42,80,99,12.19,overcast clouds
631,Clyde River,CA,70.4692,-68.5914,-0.17,78,100,14.97,overcast clouds
632,Jinchang,CN,38.4953,102.1739,34.25,34,39,9.24,scattered clouds
633,Forest Grove,US,45.5198,-123.1107,44.15,65,53,11.01,broken clouds
634,Humboldt,US,40.6665,-123.9178,31.32,39,84,2.59,broken clouds
635,Wailuku,US,20.8911,-156.5047,76.96,81,20,6.91,few clouds
636,Buraydah,SA,26.326,43.975,75.65,52,100,11.18,overcast clouds
637,Qingdao,CN,36.0986,120.3719,46.0,100,0,2.24,mist
638,Jackson,US,42.4165,-122.8345,52.84,39,94,0.27,overcast clouds
639,Tiznit,MA,29.5833,-9.5,64.02,55,6,5.84,clear sky
640,Seguin,US,29.5688,-97.9647,59.4,37,97,4.0,overcast clouds
641,Chateaudun,FR,48.0833,1.3333,51.94,75,63,13.85,light rain
642,Verkhoyansk,RU,67.5447,133.385,-41.44,99,75,0.63,broken clouds
643,Luganville,VU,-15.5333,167.1667,77.76,85,7,4.03,clear sky
644,Kendari,ID,-3.945,122.4989,76.03,93,100,3.6,overcast clouds
645,Xai-Xai,MZ,-25.0519,33.6442,75.83,74,6,11.43,clear sky
646,Ust-Tsilma,RU,65.441,52.1498,17.19,88,100,10.89,overcast clouds
647,Ghatanji,IN,20.1333,78.3167,66.87,54,3,4.29,clear sky
648,Mao,ES,39.8885,4.2658,68.56,77,0,10.36,clear sky
649,Sioux Lookout,CA,50.1001,-91.917,23.07,86,100,6.91,overcast clouds
650,Mosquera,CO,4.7059,-74.2302,62.69,67,40,2.3,light intensity drizzle
651,Lompoc,US,34.6391,-120.4579,68.77,38,40,9.22,scattered clouds
652,Awjilah,LY,29.1081,21.2869,69.94,23,0,9.53,clear sky
653,Karasjok,NO,69.4719,25.5112,9.34,69,12,1.43,few clouds
654,Manjacaze,MZ,-24.7117,33.8828,76.84,63,3,10.04,clear sky
655,Zhanakorgan,KZ,43.9098,67.2495,36.27,54,100,5.93,overcast clouds
656,Nokaneng,BW,-19.6667,22.2667,85.82,15,4,6.82,clear sky
657,Onega,RU,63.9061,38.1404,24.26,91,83,3.91,broken clouds
658,Gryfice,PL,53.9165,15.2003,34.05,67,3,14.38,clear sky
659,Vetovo,BG,43.7,26.2667,51.62,66,60,10.2,broken clouds
660,Balvi,LV,57.1313,27.2658,29.59,77,100,11.05,overcast clouds
661,Kovdor,RU,67.5662,30.4758,10.4,92,27,2.26,scattered clouds
662,Minggang,CN,32.4586,114.0486,53.69,91,28,3.15,scattered clouds
663,Rafsanjan,IR,30.4067,55.9939,65.55,29,100,15.21,overcast clouds
664,Verkhniye Kigi,RU,55.4083,58.6044,6.26,96,64,3.6,broken clouds
665,Peterhead,GB,57.5058,-1.7981,46.8,88,100,34.11,light rain
666,Abha,SA,18.2164,42.5053,62.42,82,0,5.75,clear sky
667,Vestmanna,FO,62.1564,-7.1664,47.32,76,100,24.16,overcast clouds
668,Merauke,ID,-8.4667,140.3333,79.54,85,100,4.63,overcast clouds
669,Uyo,NG,5.0333,7.9266,75.43,90,94,5.14,light rain
670,Vicente Guerrero,MX,19.1194,-98.1708,67.64,40,61,2.86,broken clouds
671,Micheweni,TZ,-4.9667,39.8333,79.03,80,10,9.04,clear sky
672,Baker City,US,44.7749,-117.8344,31.21,62,59,3.62,broken clouds
673,Excelsior Springs,US,39.3392,-94.2261,44.49,63,90,10.36,overcast clouds
674,Southbridge,US,42.0751,-72.0334,44.29,69,90,5.01,overcast clouds
675,Zhaotong,CN,27.3167,103.7167,41.88,89,6,5.44,clear sky
676,Kurumkan,RU,54.3,110.3,19.2,88,94,3.49,overcast clouds
677,Eureka,US,40.8021,-124.1637,40.39,55,80,1.3,broken clouds
678,San Jeronimo,PE,-11.9472,-75.2829,58.86,57,99,6.62,overcast clouds
679,Kangaatsiaq,GL,68.3065,-53.4641,22.32,82,100,7.67,overcast clouds
680,Acapulco,MX,16.8634,-99.8901,84.49,66,98,4.27,overcast clouds
681,Businga,CD,3.3333,20.8833,71.49,96,66,2.84,broken clouds
682,Palmas Bellas,PA,9.2319,-80.0867,84.34,86,86,8.43,moderate rain
683,Shakawe,BW,-18.3667,21.85,83.32,27,3,4.05,clear sky
684,Hammerfest,NO,70.6634,23.6821,30.65,100,20,0.0,few clouds
685,Podor,MR,16.6527,-14.9587,100.35,25,0,4.61,clear sky
686,Lingyuan,CN,41.24,119.4011,38.68,58,45,4.14,scattered clouds
687,Druzhba,UA,52.0428,33.9453,26.91,68,100,9.01,overcast clouds
688,Gazli,UZ,40.1333,63.45,48.51,55,59,14.18,broken clouds
689,Pontes E Lacerda,BR,-15.2261,-59.3353,103.35,13,45,4.56,scattered clouds
690,Victor Harbor,AU,-35.5667,138.6167,56.68,90,79,10.07,broken clouds
691,Praia,CV,14.9215,-23.5087,86.54,54,20,14.97,few clouds
692,Akyab,MM,20.15,92.9,75.33,69,1,5.44,clear sky
693,Nehe,CN,48.4833,124.8333,23.79,84,24,8.34,few clouds
694,Amarkantak,IN,22.6667,81.75,54.07,70,0,4.68,clear sky
695,Neyshabur,IR,36.2133,58.7958,57.76,31,98,1.32,overcast clouds
